amount,wallet
2,0x8c4a2b57063ae4b742b4cd6e41946ba36168865d
2,0xdfae2ea9ccc33fd54865eaa037d6acb05ebfc1a4
1,0x009396895f44c8485bd4ab6f2f51843ab1e9c121
1,0xbf44c636a4a4bbe257a87067b25c4c875170e04d
1,0x20345c3a4afa7a35f917068dd3def812c367f051
1,0xc0606eee8c2d0782e4f06ebd4fccd5799be6fbd2
2,0xc1d040b7ebcc0a571d9e2d54e10bd04c505e7d37
1,0xb6095324712ae350bd3bab367b151c4ab3ef6a9b
2,0x0ec997abd9ae9bdce46a01aff482f613c3e38609
1,0x7e330570bd914b3d70c9502a702a3d4c24ce51bd
1,0xd78bb8dc8c5ff23cc3c1b39f8577ae8a4ebd46d6
1,0x1f91857126c86b7275d1e5e8b053667615f0f14e
1,0xb2dc0a86cedd23437f649085fbdd7cbf158ee1ba
4,0x29f6f253c499eb420721a347234d9c6fdad3d5e6
1,0xbb596b963f5cbce940c190f6d4a6edf98e764ad6
1,0xa5f2bb90ae6a16486d7d33d2a8a654da93fc70cf
2,0xa9e51500df3e900c0d774a2ba1c636865c047638
4,0x7913c492e35c958956ebcf1a35e5e293b870cfbf
1,0x049dc0ad3981790711265c46e41f097095fb5821
1,0x1a4b7409e020140443a02ef26858a7e53ac7d652
1,0x57df4cc0b76c2cccdd1ce7181be25c7c8379f8a1
1,0x317cc83eac41fd29ca87b184c82d7e007bf7b3df
1,0x70a7f9d04d8f0d0c0c574b224e309d7d465f4fcf
1,0x38b52491755e760fae67ff723e8ca1d38935a21e
1,0xb26c452e8ac20ae7445fcf46b6478d3984f5d8e9
1,0xf7536922d2b3d674e4ab0ce83bf0af83f6a10cb7
1,0xd4516c638a97e61aabc4abc8d65411ec19382f03
2,0xe3ac093b74dd6ce6179ecffde611e65968580924
1,0x622bdbf43d9d47a5320c7fd907123f520cdb7063
1,0x2a5595f487a15c9cca39bcdc17d551169d2552c5
1,0x38f8c57b9b2f73b62e2b5976ffa4e52baa5f9004
1,0xd822512dbd04053646d5fa21974fad49291f1aea
1,0x34a72a826e2647da80a66bc778e95ad5fbbabeb4
2,0x3488244c0d2d7c388ba835d4e59c45905102c0e9
2,0x41db2348f54dbab35908594a3a47e9c3e2c71bfe
2,0xa867126424924af383490bb3fb521de8f49fad0d
1,0xb79c26fafaafeb2835ff175d025db1b9deeedf5e
1,0x0bf8e891ac0186f42cf4da04eba85fd814bfd0f5
1,0x34d320cda7a1fbe507d0d22e715ad791403b6232
1,0xaee3fcaa91a6e56ba83ce37c79c3253a96705766
1,0x7372bcd5944004606de3b1bbff0140f6cc731998
2,0x2a259f94ede30a0499f1d83ff534026f6717f4f7
1,0x35df71a8c983fe4258cd9ab87eb3e66e183ff4d6
1,0x5812bb91c43b8d24174994d04dc542cf552b494e
1,0x8ababc6574a0fa22c8989de306bb9e879c63c492
1,0x62ee7bd8463a24c137e8477d9c1aa6d699188e8a
1,0xf55cbf08ae9424c572598b29064b2fc3f67add04
1,0x0b4b4b0a1a4f1ac969b6302c0f39d8a06328e896
3,0x1725ddb2547bfc9afb52e4e341cf70e2817744cc
1,0xaa95b126f7c6d0fb5ca3cc8cd2782ffa3c52c0c8
1,0xecb1165bae717f58ae71221a687b6c09cc43c504
1,0xee7728ad623cf4b0518e48780ae77134d6af1a8f
1,0x3b15575ba319519f5a3e3258dcb8d82e72f339e4
1,0xa184c07201b6e3c18013fa6b3f9c76a7a61c4fc7
1,0x1ee8657df36c16753359ef1b9ef876e300740cc2
1,0xd6dae639d905a51df0fc59a49927c8fae5590b7a
1,0xb8ef48e839e0d9c73bc2171618c1430a5aa3f4ce
4,0x64d109081b38c4884708d816baf0dca36e75cb8f
2,0x0d41af8beac32ce4898e50ef56e81388a6e7dccf
1,0xb2802e829eb2187bfa618b37771ed6cfe74cb53e
1,0xf14f0836f7d6ef65799d325cc787646f8ad2fa0d
2,0x17ae58ab79444ad5b8ee2e232caf13c65c32af75
1,0xe74ca58ef724b94fac7f2e09e2e48536a5c1ad03
1,0xe6aa0f8f60f8488e2f259531a48a081cdb8dd766
1,0xbe9643d7cdfa24986492d6df2dea2acfea3e7b28
2,0xefd6d1a128414680995bda5345705611b0dce930
3,0x96e3baa591c9cf4d5f44dd44d02a3d4ce9290ac2
1,0xacb818130ac9cd4484848848a0ca3e7dda4bb265
2,0x04764f07542f8870168236da61d31c217c4cbc56
2,0x3783c56c35963d83742d1fe3eab546f61d0eb9c7
1,0x47d0e753e6fc83f0bfa8967f4c1a9272d5a76aa4
2,0xade962ea9c248c0b4b3db6007aadefd9801bc5cf
2,0x089ad55045fe72f1f77eaac7e166de9e277600a5
2,0x370299e05aed394a4f396185c99d7659964c138f
1,0xf29403e642b0569a5500741ee11886952a7574c9
1,0xb9f7f66304750d690fa8f1118f404247f52f99fa
1,0xdc5fca0a692b7c9fb759266985b49b63199df087
5,0x2624e6bdce94156695330a43617de537518052f0
1,0x90319bedc6c41014f37abb41a01473287fa953bc
1,0x5e853abaa9005a7fa09b699ea5741b02bf15fbd5
1,0x00b7e4266cde6cfa0ed1f966657a7af37a9218ed
1,0x2bd6cccfc27ee1c77d94623c818f9611359088cf
5,0x85bb21414e7e87856c4f4e074f5122839acf19e5
1,0x416968f5a761a149c8158b8d782cfb0f9dab5afa
3,0x5e59ac40c4d661e55a97c317a5002bf6d9e7109c
1,0x39017cc92da84c5bc14ce5526cd02ba5923f2be4
1,0x4e3c07f4632f07b9822ed8d1d220a15c7e02f3f0
1,0xc5440a5e857102620bd2e7b1c28895f4d99934c0
1,0x93d3c68c7451a9f9c9c1bb86f33a936a4f445ebe
1,0xb8b11e47d36ee4fc4b89f6ec92e954100c81f133
2,0xe74b6b2bda985b36957872ade1548b2281635fc1
2,0xf7008f7d415f04e74bb2460deb800608aa991c1c
1,0x34ba7ce643f78c854e80256e18370746b2d2a653
1,0xdf4a200e713bd0a943e583a345e52ee3cc033d5e
1,0xc797308ab2d7e643ceb92465b38cc6c001e5a3da
1,0xd89b835e9064d5f623f720ba368232d3c0a42886
1,0x51f0102beebdb745ca76b3f85286fb5a4c4b612e
1,0x8dcab2e01dea8cf1e693b77aa0df80e02d90b781
1,0xba0860b8e03ed32d9d71417b838d7c327bb2d1e5
1,0xe793b3549bf6f293151b2378a8b098ad00c4653e
1,0x7913c492e35c958956ebcf1a35e5e293b870cfbf
1,0x29f6f253c499eb420721a347234d9c6fdad3d5e6
1,0x2d913709fa6b87502af62b3b2f883cfb7024b655
1,0xf66253552256bd4a77a07b04f06bcdac70d17cab
2,0x4b95cf7ca99086b89f22d98e61e6f16b035b1d05
1,0xd9e2931b16690c833b7b01984c28a677feb6f2fb
1,0xb2ef634e5bab1d7b2136ed35a91abc1adb118281
1,0x8c920bf0b02c6f9c99916aabcd1337de2957ce8f
1,0xb5bc2701c6f5373ece42f7df157dbdee8798af67
1,0xa867126424924af383490bb3fb521de8f49fad0d
1,0x862464bbd83d5743f9cf873c6ea3d187d0f909bf
3,0x7a11f9063317e2f7320818f4dc888a4818eee002
2,0x80d7c15c0c9d08e6ebe770ec3eb930f8312084f7
1,0x3b15575ba319519f5a3e3258dcb8d82e72f339e4
1,0xcc565e74b867c8a1c4b7b07f60134f734dc47547
1,0x7fbee402f25acb1a0357df1d805920bd30157d5c
1,0x528a9f872ba4500952a3c432a2ba6edffd185f4e
1,0xd75cd3dfea2d1688961e62b08b333692df0e66ec
2,0xc9eae131858bb939e5117b283dc2ca70b0589fc0
2,0xbbb45286603300aa0a396fc1169ffef6d565d6b4
1,0x754fd95d9b0b370c641ef1e6febf64f1293ca70a
1,0x8cb7f1a4f44593ec356b11c70c0a977c647c763c
1,0x2a259f94ede30a0499f1d83ff534026f6717f4f7
2,0x27886af189fc7a5ca5311ac9ed615f016084d980
1,0xabb9b779893a869b18e0f4e432623d64077788ff
1,0x1c5762f9899b46c19d4c9b8fbdd38d35856227f3
2,0xd83a259ffdf48d5d2bea82fe65a44a1d78fb1454
2,0xd9363e895affa9fbdba4e71846bbbf3c745857c6
1,0x4e54bd02aadf1f921f0250ecbbf7c057f6f1ec12
1,0x30a006ceb32c7e591c687301ac905c6c406342a7
1,0xb8a7d78021a83fb29263d0c121c839c96cf07fc6
1,0x484ed6663f4f37ee61931761869338b52ad936d3
1,0xcfcb8e585d1490e01a3776156b98aee648566cbe
1,0xbeeb02e0f3c98d948bcc890c6c37e9020d16959d
2,0x98503a6b4533c5f905ce635c22b1742602f3136f
2,0x67a89680e6e520b6a715d23090f4b277546b84ca
1,0xca9c00a0bb2a70429f308c7781c8f9f5624a439a
1,0x3488244c0d2d7c388ba835d4e59c45905102c0e9
1,0xbf44c636a4a4bbe257a87067b25c4c875170e04d
1,0xf957a130545c912c2cd5c867b034c3b83f4d29f0
1,0x95317e0fb4bd69f83d9fb21972f6ed44833d03c2
1,0xd09b97b82ae83107f2c22314d5ef74409c90ae9b
1,0xc753f3836f59e3b553985b9b662611b85f4d84e2
2,0xecf1ed246315ed133714b84ca9c3a5c6adebf244
2,0x468cbad61a63ef6d753ac395d99ebacddcf437ad
1,0xbec0ddf1ce342bc00ad090c79c351941ee1303c6
