wallet,franks,entries,indexStart,indexEnd
0x8c4a2b57063ae4b742b4cd6e41946ba36168865d,4,10,0,9
0xdfae2ea9ccc33fd54865eaa037d6acb05ebfc1a4,2,2,10,11
0x009396895f44c8485bd4ab6f2f51843ab1e9c121,1,1,12,12
0xbf44c636a4a4bbe257a87067b25c4c875170e04d,4,10,13,22
0x20345c3a4afa7a35f917068dd3def812c367f051,2,2,23,24
0xc0606eee8c2d0782e4f06ebd4fccd5799be6fbd2,4,10,25,34
0x7f3e275faa2aacdc78ab39e0bb7429f7922e5fa4,2,2,35,36
0xc1d040b7ebcc0a571d9e2d54e10bd04c505e7d37,4,10,37,46
0xb6095324712ae350bd3bab367b151c4ab3ef6a9b,1,1,47,47
0x0ec997abd9ae9bdce46a01aff482f613c3e38609,5,25,48,72
0x7e330570bd914b3d70c9502a702a3d4c24ce51bd,1,1,73,73
0xd78bb8dc8c5ff23cc3c1b39f8577ae8a4ebd46d6,1,1,74,74
0x1f91857126c86b7275d1e5e8b053667615f0f14e,1,1,75,75
0xb2dc0a86cedd23437f649085fbdd7cbf158ee1ba,3,5,76,80
0x29f6f253c499eb420721a347234d9c6fdad3d5e6,6,26,81,106
0xfb74eee69be0c2bd8fb42ee67b6b6c4e05cd9ddd,5,25,107,131
0xbb596b963f5cbce940c190f6d4a6edf98e764ad6,1,1,132,132
0xa5f2bb90ae6a16486d7d33d2a8a654da93fc70cf,1,1,133,133
0x7913c492e35c958956ebcf1a35e5e293b870cfbf,6,26,134,159
0x1a4b7409e020140443a02ef26858a7e53ac7d652,3,5,160,164
0x049dc0ad3981790711265c46e41f097095fb5821,2,2,165,166
0x57df4cc0b76c2cccdd1ce7181be25c7c8379f8a1,1,1,167,167
0x317cc83eac41fd29ca87b184c82d7e007bf7b3df,1,1,168,168
0x427b35995a69c6d04cfdfcffe3ebe123c63b29ba,1,1,169,169
0x70a7f9d04d8f0d0c0c574b224e309d7d465f4fcf,2,2,170,171
0x38b52491755e760fae67ff723e8ca1d38935a21e,1,1,172,172
0xb26c452e8ac20ae7445fcf46b6478d3984f5d8e9,2,2,173,174
0xf7536922d2b3d674e4ab0ce83bf0af83f6a10cb7,1,1,175,175
0xd4516c638a97e61aabc4abc8d65411ec19382f03,1,1,176,176
0xe3ac093b74dd6ce6179ecffde611e65968580924,2,2,177,178
0x622bdbf43d9d47a5320c7fd907123f520cdb7063,2,2,179,180
0x2a5595f487a15c9cca39bcdc17d551169d2552c5,1,1,181,181
0x38f8c57b9b2f73b62e2b5976ffa4e52baa5f9004,1,1,182,182
0xd822512dbd04053646d5fa21974fad49291f1aea,1,1,183,183
0x34a72a826e2647da80a66bc778e95ad5fbbabeb4,1,1,184,184
0x1f129ab5621ef955e5c4a8b98a584af835e18101,1,1,185,185
0x3488244c0d2d7c388ba835d4e59c45905102c0e9,8,28,186,213
0x41db2348f54dbab35908594a3a47e9c3e2c71bfe,4,10,214,223
0xa867126424924af383490bb3fb521de8f49fad0d,4,10,224,233
0xb79c26fafaafeb2835ff175d025db1b9deeedf5e,1,1,234,234
0x0bf8e891ac0186f42cf4da04eba85fd814bfd0f5,2,2,235,236
0x34d320cda7a1fbe507d0d22e715ad791403b6232,1,1,237,237
0xaee3fcaa91a6e56ba83ce37c79c3253a96705766,1,1,238,238
0x7372bcd5944004606de3b1bbff0140f6cc731998,2,2,239,240
0x2a259f94ede30a0499f1d83ff534026f6717f4f7,4,10,241,250
0x35df71a8c983fe4258cd9ab87eb3e66e183ff4d6,1,1,251,251
0x5812bb91c43b8d24174994d04dc542cf552b494e,3,5,252,256
0x8ababc6574a0fa22c8989de306bb9e879c63c492,1,1,257,257
0x62ee7bd8463a24c137e8477d9c1aa6d699188e8a,2,2,258,259
0xf55cbf08ae9424c572598b29064b2fc3f67add04,2,2,260,261
0x0b4b4b0a1a4f1ac969b6302c0f39d8a06328e896,3,5,262,266
0x1725ddb2547bfc9afb52e4e341cf70e2817744cc,3,5,267,271
0xaa95b126f7c6d0fb5ca3cc8cd2782ffa3c52c0c8,1,1,272,272
0xecb1165bae717f58ae71221a687b6c09cc43c504,3,5,273,277
0xee7728ad623cf4b0518e48780ae77134d6af1a8f,1,1,278,278
0x3b15575ba319519f5a3e3258dcb8d82e72f339e4,8,28,279,306
0xa184c07201b6e3c18013fa6b3f9c76a7a61c4fc7,1,1,307,307
0x1ee8657df36c16753359ef1b9ef876e300740cc2,1,1,308,308
0xd6dae639d905a51df0fc59a49927c8fae5590b7a,1,1,309,309
0xb8ef48e839e0d9c73bc2171618c1430a5aa3f4ce,1,1,310,310
0x64d109081b38c4884708d816baf0dca36e75cb8f,4,10,311,320
0x0d41af8beac32ce4898e50ef56e81388a6e7dccf,2,2,321,322
0xb2802e829eb2187bfa618b37771ed6cfe74cb53e,1,1,323,323
0xf14f0836f7d6ef65799d325cc787646f8ad2fa0d,2,2,324,325
0x47a6d63adc8d628675327ca2857345a9f849063b,4,10,326,335
0x17ae58ab79444ad5b8ee2e232caf13c65c32af75,2,2,336,337
0xe74ca58ef724b94fac7f2e09e2e48536a5c1ad03,1,1,338,338
0xe6aa0f8f60f8488e2f259531a48a081cdb8dd766,1,1,339,339
0xefd6d1a128414680995bda5345705611b0dce930,5,25,340,364
0x96e3baa591c9cf4d5f44dd44d02a3d4ce9290ac2,3,5,365,369
0xbe9643d7cdfa24986492d6df2dea2acfea3e7b28,2,2,370,371
0xacb818130ac9cd4484848848a0ca3e7dda4bb265,1,1,372,372
0x04764f07542f8870168236da61d31c217c4cbc56,2,2,373,374
0x3783c56c35963d83742d1fe3eab546f61d0eb9c7,2,2,375,376
0x3c79a6a9c188753a532cf38d5f951beebbaed5ae,1,1,377,377
0x47d0e753e6fc83f0bfa8967f4c1a9272d5a76aa4,1,1,378,378
0x3bc6e3636d707e39ded875d823f0c8621e85e360,2,2,379,380
0xade962ea9c248c0b4b3db6007aadefd9801bc5cf,3,5,381,385
0x089ad55045fe72f1f77eaac7e166de9e277600a5,2,2,386,387
0x370299e05aed394a4f396185c99d7659964c138f,2,2,388,389
0xf29403e642b0569a5500741ee11886952a7574c9,3,5,390,394
0xb9f7f66304750d690fa8f1118f404247f52f99fa,1,1,395,395
0xdc5fca0a692b7c9fb759266985b49b63199df087,1,1,396,396
0x2624e6bdce94156695330a43617de537518052f0,7,27,397,423
0x90319bedc6c41014f37abb41a01473287fa953bc,1,1,424,424
0x5e853abaa9005a7fa09b699ea5741b02bf15fbd5,1,1,425,425
0x00b7e4266cde6cfa0ed1f966657a7af37a9218ed,1,1,426,426
0x07f6573657710dfd9fea074d343b6d7302aa3800,1,1,427,427
0x0b1ba2820c03fce9f0745bddc25dd76f9b581120,1,1,428,428
0x37145f730aa36ee38230c49830238beb3f4b3d32,1,1,429,429
0x2bd6cccfc27ee1c77d94623c818f9611359088cf,1,1,430,430
0x85bb21414e7e87856c4f4e074f5122839acf19e5,5,25,431,455
0x416968f5a761a149c8158b8d782cfb0f9dab5afa,1,1,456,456
0x5e59ac40c4d661e55a97c317a5002bf6d9e7109c,3,5,457,461
0x39017cc92da84c5bc14ce5526cd02ba5923f2be4,1,1,462,462
0xa021da3af846eadf9539bba8d0d5ac59c87b3ed7,1,1,463,463
0x2d7289bca938ba72859519818deb8db52bdf5711,1,1,464,464
0xc5440a5e857102620bd2e7b1c28895f4d99934c0,1,1,465,465
0x93d3c68c7451a9f9c9c1bb86f33a936a4f445ebe,1,1,466,466
0xb8b11e47d36ee4fc4b89f6ec92e954100c81f133,3,5,467,471
0xe74b6b2bda985b36957872ade1548b2281635fc1,2,2,472,473
0xf7008f7d415f04e74bb2460deb800608aa991c1c,2,2,474,475
0x34ba7ce643f78c854e80256e18370746b2d2a653,1,1,476,476
0xdf4a200e713bd0a943e583a345e52ee3cc033d5e,1,1,477,477
0xfc9dc897b99a97c9cf52f7b7230a533e6f8b6553,1,1,478,478
0xc797308ab2d7e643ceb92465b38cc6c001e5a3da,2,2,479,480
0x468cbad61a63ef6d753ac395d99ebacddcf437ad,4,10,481,490
0xd89b835e9064d5f623f720ba368232d3c0a42886,1,1,491,491
0x51f0102beebdb745ca76b3f85286fb5a4c4b612e,1,1,492,492
0x9d7b7d7209f7c1b1787368e2ee34223737ae499c,2,2,493,494
0x8dcab2e01dea8cf1e693b77aa0df80e02d90b781,1,1,495,495
0xba0860b8e03ed32d9d71417b838d7c327bb2d1e5,1,1,496,496
0xe793b3549bf6f293151b2378a8b098ad00c4653e,1,1,497,497
0x2d913709fa6b87502af62b3b2f883cfb7024b655,4,10,498,507
0xf66253552256bd4a77a07b04f06bcdac70d17cab,1,1,508,508
0x4b95cf7ca99086b89f22d98e61e6f16b035b1d05,4,10,509,518
0xd9e2931b16690c833b7b01984c28a677feb6f2fb,2,2,519,520
0x91073ecdbd064b9bddc2fe6806a97679d5fa2220,1,1,521,521
0xb2ef634e5bab1d7b2136ed35a91abc1adb118281,2,2,522,523
0x8c920bf0b02c6f9c99916aabcd1337de2957ce8f,1,1,524,524
0xb5bc2701c6f5373ece42f7df157dbdee8798af67,1,1,525,525
0x620910b020fd12e7b1ff8c0d52eda66bf31213d4,1,1,526,526
0x862464bbd83d5743f9cf873c6ea3d187d0f909bf,2,2,527,528
0x7a11f9063317e2f7320818f4dc888a4818eee002,4,10,529,538
0x80d7c15c0c9d08e6ebe770ec3eb930f8312084f7,2,2,539,540
0xcc565e74b867c8a1c4b7b07f60134f734dc47547,1,1,541,541
0x7fbee402f25acb1a0357df1d805920bd30157d5c,4,10,542,551
0x528a9f872ba4500952a3c432a2ba6edffd185f4e,2,2,552,553
0xd75cd3dfea2d1688961e62b08b333692df0e66ec,3,5,554,558
0xc9eae131858bb939e5117b283dc2ca70b0589fc0,4,10,559,568
0xbbb45286603300aa0a396fc1169ffef6d565d6b4,3,5,569,573
0x754fd95d9b0b370c641ef1e6febf64f1293ca70a,1,1,574,574
0x8cb7f1a4f44593ec356b11c70c0a977c647c763c,2,2,575,576
0x27886af189fc7a5ca5311ac9ed615f016084d980,4,10,577,586
0xabb9b779893a869b18e0f4e432623d64077788ff,2,2,587,588
0x1c5762f9899b46c19d4c9b8fbdd38d35856227f3,1,1,589,589
0xd83a259ffdf48d5d2bea82fe65a44a1d78fb1454,6,26,590,615
0xd9363e895affa9fbdba4e71846bbbf3c745857c6,4,10,616,625
0x4e54bd02aadf1f921f0250ecbbf7c057f6f1ec12,2,2,626,627
0x30a006ceb32c7e591c687301ac905c6c406342a7,3,5,628,632
0xb8a7d78021a83fb29263d0c121c839c96cf07fc6,2,2,633,634
0x484ed6663f4f37ee61931761869338b52ad936d3,2,2,635,636
0xcfcb8e585d1490e01a3776156b98aee648566cbe,1,1,637,637
0xbeeb02e0f3c98d948bcc890c6c37e9020d16959d,2,2,638,639
0x98503a6b4533c5f905ce635c22b1742602f3136f,2,2,640,641
0x67a89680e6e520b6a715d23090f4b277546b84ca,2,2,642,643
0xca9c00a0bb2a70429f308c7781c8f9f5624a439a,1,1,644,644
0xf957a130545c912c2cd5c867b034c3b83f4d29f0,2,2,645,646
0x95317e0fb4bd69f83d9fb21972f6ed44833d03c2,1,1,647,647
0xd09b97b82ae83107f2c22314d5ef74409c90ae9b,1,1,648,648
0xc753f3836f59e3b553985b9b662611b85f4d84e2,1,1,649,649
0xecf1ed246315ed133714b84ca9c3a5c6adebf244,2,2,650,651
0xbec0ddf1ce342bc00ad090c79c351941ee1303c6,6,26,652,677
0x50734b1ddbb0011f40e14df926df04d0dd9e7aef,1,1,678,678
0xc4657c1610466d34a83c2048d52e422f34fb0bde,1,1,679,679
0x782c1b1d149b2d2cd6cadb91cc41b8bb8f148537,1,1,680,680
0xf5d4a3b9fb77d1d5600a10e0e1c4efd12f9be751,6,26,681,706
0xf9314c4ee946d14bc50a7be1a0efd16d318c22cb,1,1,707,707
0x75e36103e790d145fe4ec09270a8248ec0368640,2,2,708,709
0x5622fd2ed6236e017a40538999b2a1e4ecd19827,1,1,710,710
0xcd3d98d28617b919aef45a88ba33b97b76f43d16,9,29,711,739
0x166a896bec257b46e345ba0c207769a381ce25fc,1,1,740,740
0xec4ee55488eda04f6e02cdbbb745f50dd612d937,3,5,741,745
0x760e7b42c920c2a0feb58ddd610c14a6bdd2ebea,2,2,746,747
0xc5b009225d42513343c99cf2e4ce60f11ddcf6c1,1,1,748,748
0x69a6f01d2ada8e823a832ca647f3a8a4b699223b,1,1,749,749
0xf939a296cd55532c39f97208748537a18c78ba1f,2,2,750,751
0x0ef2be3b9247123ae3d6eb00532f898a848d97f7,3,5,752,756
0xb1ce2c57a6f8816113fd172a75fc3b9803320228,5,25,757,781
0xec9581e8943b32035fd90ad2607ec49aedc3b64b,3,5,782,786
0xb54e8121c968348d649a3b1a1d204ffb4cc8a9cb,1,1,787,787
0x2dba88cb3b435f99a3e58b6e0fe450e8f1a3f20f,2,2,788,789
0x33e36e668ec7d5a0357c88362b20c0c4d373ff55,2,2,790,791
0x71a548c09c6d09df38811c6df025d281e878258b,3,5,792,796
0x4d18f8f2ae19f1e166c97793cceeb70680a2b6d2,2,2,797,798
0x2b9ef3be9e0380abff72bba59363693d4fea638d,1,1,799,799
0x76cc936e76624149fad83f4391ed4b7ac7b35ee1,2,2,800,801
0xe5362637b8ee58411c7ff94ce7e49701af5f00d5,1,1,802,802
0x68a9113c5638a7868a3e926776ada7842683cbf5,2,2,803,804
0xbc1e4718b74ba7dc5c4deaf812bdde8589f73eff,1,1,805,805
0xe71f3a79185a1eeb46848ba8a043a1943709be01,2,2,806,807
0xb6cf777e3696a502107417265c92d1b075636a10,1,1,808,808
0xb6a931b3ca1c0a2347dac6b4c3a6630f56cf10ac,1,1,809,809
0x9f527af4f8f76a898a21aa9f89bd9006e625f13d,1,1,810,810
0x8a0a569b2937ecc360a686386e34df83cd2348a3,1,1,811,811
0xc6ef94ce919443e034f004f7f6e552377ad07cd5,2,2,812,813
0xdbb70ac885fee2e118fc7d35f1fa29d030e09e11,1,1,814,814
0xa5cd39ccca574b54085e7c10e53e23883ba50dca,2,2,815,816
0x01163f6894493f9ecb59c30807a1296b0e00cbba,4,10,817,826
0xb0b441c9d896ccef6b946f2dadc1bd4ab667370b,1,1,827,827
0x6fe042644bdc0fb116595a96aab27fa12d0fc7c0,1,1,828,828
0x5d967764f708b212f7d1c366f14368699711b5e6,4,10,829,838
0xe042ff17d4c3924ab6d53993699dbac1dd2f80ea,1,1,839,839
0xda4ff7b6a1eb3176c347a3ffc56a26ee82fb6893,1,1,840,840
0xda59b512ec93398012cfd9d8745ce576501e5952,1,1,841,841
0xa208a25bc8405d35da45e68d56b9859d7aaface1,1,1,842,842
0x7b40e3d7921fb84483e9611b2fdba171f30df5a9,1,1,843,843
0xaed8e151086a85d39166b80bb4b4cec2f6328a7a,1,1,844,844
0x153002a1aa045a92317cb58893a5e2907ee3f421,1,1,845,845
0xa123b88714b76762ec9e1e35db6b2637bc9aa2a3,1,1,846,846
0x14c8be3d72b200c037cd442286213060e4f8cb24,1,1,847,847
0x3bf5fcc559e93ea48b7a3594e7f0f9c59c81cc77,1,1,848,848
0xc4fba88f77125cdb46926439022738f54e0d3c43,1,1,849,849
0x85e37cd123d2889410d9fd1f434c9936e882e5c6,1,1,850,850
0x765193a9668cc2d252e10cc9347232231d87e0aa,1,1,851,851
0x864d8855584c7fae8337875630f2a4ebe6e0f6c2,1,1,852,852
0xd27bcc7ba02a2aebc033ea01ce7d4e642494318f,1,1,853,853
0x58279fb5bff4707d5f06282cfc64c1f11d9b43f2,1,1,854,854
0x63d418d0a8790bb6737f2f5d80ee79b253d776e2,2,2,855,856
0xbed1563575054e570689699d2cb58a8c9482320a,1,1,857,857
0x5231b639babbd14c518176f12a6bb8cd85fd6e70,1,1,858,858
0x1406bdd2f2a18bfeec422420646c5b9bac26da96,2,2,859,860
0xc6893eeb690596e44f6c8668990a5cd7b8b1cedb,2,2,861,862
0x47450b6044689a96cb603308d8da10f0ae501aa7,1,1,863,863
0xf2a86d8c58199db32b01a731c5996d09f5630113,1,1,864,864
0xdbd054cb14a178fa12867a6d583bc87c09605692,1,1,865,865
0xc14d121216dd98280f300ca1d75967a7b0488356,1,1,866,866
0xbbeb004d1769ec8ce5e3957b9d8aca659fbabd0c,1,1,867,867
0x8b212d14a77c7eaa5491c3829ee60b9972b8ed65,1,1,868,868
0xa731a3fe719d73716f9016e8949539323f950696,1,1,869,869
0xca5e480e51deb195b75bdbad6fe13bc2024113d9,1,1,870,870
0xcddcbd9c2665a71cd4cf5d1fac0740bf7643f260,1,1,871,871
0x69fe18f0f68aa211b84baaa20312201c560c3ab5,1,1,872,872
0x5872a5f39a8e3e85233b20845a6947a4111fcd4d,1,1,873,873
0x85aee1173ad21518a5d5e518f36abf30cbf3a562,1,1,874,874
0xf458cbd025443fc97a6ab9c8c4a451699f5a6cde,1,1,875,875
0x930471a2611a1ca7bebadf9ebd11d5de5871cb72,1,1,876,876
0x050532e8fb2ef90c8cdbabdb3f8c7cbb3593e1e9,1,1,877,877
0xb14c736cc83fc87ecbfff83b0911cbc3ed1e0259,1,1,878,878
0x482470c88ab8b987beacc002ad7f7c6e83c44995,1,1,879,879
0x8c54d7faf0091900243640006d4f078ff2844739,1,1,880,880
0x8fe8686b254e6685d38eabdc88235d74bf0cbead,1,1,881,881
0x467f0197c7ed4c76b136803f6f44bf3a665b5386,1,1,882,882
0xf02d227741f3d51343886264bbc4d7e7f81dda53,1,1,883,883
0x4ce1ef3c94013ec0f9607b51a0918426b8dea90d,1,1,884,884
,,,,
,,,,
,,,,
,,,,
,,,,
,,,,
,,,,
,,,,
,,,,
,,,,
,,,,
,,,,
,,,,
,,,,
,,,,
,,,,
,,,,
,,,,
,,,,
,,,,
,,,,
,,,,
,,,,
,,,,
,,,,
,,,,
,,,,
,,,,
,,,,
,,,,
,,,,
,,,,
,,,,
,,,,
,,,,
,,,,
,,,,
,,,,
,,,,
,,,,
,,,,
,,,,
,,,,
,,,,
,,,,
,,,,
,,,,
,,,,
,,,,
,,,,
,,,,
,,,,
,,,,
,,,,
,,,,
,,,,
,,,,
,,,,
,,,,
,,,,
,,,,
,,,,
,,,,
,,,,
,,,,
,,,,
,,,,
,,,,
,,,,
,,,,
,,,,
,,,,
,,,,
,,,,
,,,,
,,,,
,,,,
,,,,
,,,,
,,,,
,,,,
,,,,
,,,,
,,,,
,,,,
,,,,
,,,,
,,,,
,,,,
,,,,
,,,,
,,,,
,,,,
,,,,
,,,,
,,,,
,,,,
,,,,
,,,,
,,,,
,,,,
,,,,
,,,,
,,,,
,,,,
,,,,
,,,,
,,,,
,,,,
,,,,
,,,,
,,,,
,,,,
,,,,
,,,,
,,,,
,,,,
,,,,
,,,,
,,,,
,,,,
,,,,
,,,,
,,,,
,,,,
,,,,
,,,,
,,,,
,,,,
,,,,
,,,,
,,,,
,,,,
,,,,
,,,,
,,,,
,,,,
,,,,
,,,,
,,,,
,,,,
,,,,
,,,,
,,,,
,,,,
,,,,
,,,,
,,,,
,,,,
,,,,
,,,,
,,,,
,,,,