index,from_address,to_address
0,0x0000000000000000000000000000000000000000,0x689d5865bbc9f2e164577965af27f71ed5ef1684
1,0x0000000000000000000000000000000000000000,0x07f540903f9ec92ae3bc85a91742fa272da32618
2,0x0000000000000000000000000000000000000000,0x07f540903f9ec92ae3bc85a91742fa272da32618
3,0x0000000000000000000000000000000000000000,0x7f029fbfb08111edbb10f8c171a08308eee559ab
4,0x0000000000000000000000000000000000000000,0x7f029fbfb08111edbb10f8c171a08308eee559ab
5,0x0000000000000000000000000000000000000000,0x7f029fbfb08111edbb10f8c171a08308eee559ab
6,0x603136b204592de6bc16d783bfa8ec0f7a526c5f,0xc1563bdf57bdb990c89070aa72cda57fe8d6913d
7,0xefdfb22c09dad726371167f6650e5c54038301a4,0x1a7fc0b382deb91c85f680cc1a144028b17be513
8,0xfa89ec40699bbfd749c4eb6643dc2b22ff0e2aa6,0x48904625c8906c92fc2320fe427712ae15117f17
9,0x29900c91b8a0ceb1fbf0e32230e496b3d457827e,0xaaa60100d9971504a389fae0c2a0d986f780c56c
10,0x1057b6adb95680c811c256a393f5c523d94fd6a6,0xbe2d683912567683a88c37f7df3590421252877b
11,0x37eeeeb9bc8e3d144e2225660645ed68be5b666c,0x0985224a811e65c235dbf4a2c2117712aabe4e39
12,0x0000000000000000000000000000000000000000,0x0339865fce92b197e6d5e29f1d20886f1a6702b3
13,0x0000000000000000000000000000000000000000,0x0339865fce92b197e6d5e29f1d20886f1a6702b3
14,0x0000000000000000000000000000000000000000,0x0339865fce92b197e6d5e29f1d20886f1a6702b3
15,0x0000000000000000000000000000000000000000,0x0339865fce92b197e6d5e29f1d20886f1a6702b3
16,0x0000000000000000000000000000000000000000,0x0339865fce92b197e6d5e29f1d20886f1a6702b3
17,0xa33b43071f5677c733881ed432cdebc3f8a99202,0x67a8734f5d97bc462df92346af4b29b417d39d97
18,0xa5d981bc0bc57500ffedb2674c597f14a3cb68c1,0x7bb4860dcaeec291b56a7e3f74f299628e3bb239
19,0x0000000000000000000000000000000000000000,0x4a6536e7b36492209691c8cd172aed3964fbcc89
20,0x0000000000000000000000000000000000000000,0x4a6536e7b36492209691c8cd172aed3964fbcc89
21,0x0000000000000000000000000000000000000000,0x0abb75f676d0c131c04324dd98150a39213edd41
22,0x0000000000000000000000000000000000000000,0x0abb75f676d0c131c04324dd98150a39213edd41
23,0x0000000000000000000000000000000000000000,0x0abb75f676d0c131c04324dd98150a39213edd41
24,0x0000000000000000000000000000000000000000,0x0abb75f676d0c131c04324dd98150a39213edd41
25,0x0000000000000000000000000000000000000000,0x0abb75f676d0c131c04324dd98150a39213edd41
26,0x0000000000000000000000000000000000000000,0x0abb75f676d0c131c04324dd98150a39213edd41
27,0x0000000000000000000000000000000000000000,0x0abb75f676d0c131c04324dd98150a39213edd41
28,0x0000000000000000000000000000000000000000,0x0abb75f676d0c131c04324dd98150a39213edd41
29,0x0000000000000000000000000000000000000000,0x0abb75f676d0c131c04324dd98150a39213edd41
30,0x0000000000000000000000000000000000000000,0x0abb75f676d0c131c04324dd98150a39213edd41
31,0xdd33691a173094f2bc6bedb7e7d55896002b31ce,0xd5a9c4a92dde274e126f82b215fccb511147cd8e
32,0xa08793970435bb7ef7d42be357b09840c9974f2c,0x30ef59a0d9e88fddc9c4d26f98eb0b916d38797e
33,0xe9eddde6af419faab642921e24f68349ec5b9071,0x1e23166b3b73dd2ee9d9db190aceeee8f8edd0aa
34,0x0000000000000000000000000000000000000000,0xf7af078d5fe8673df5b11fc584836dd16d65f9bd
35,0x0000000000000000000000000000000000000000,0xf7af078d5fe8673df5b11fc584836dd16d65f9bd
36,0x0000000000000000000000000000000000000000,0x3972352d41ebe283dba719d65db5c846e408dd02
37,0x0000000000000000000000000000000000000000,0x3972352d41ebe283dba719d65db5c846e408dd02
38,0x0000000000000000000000000000000000000000,0x3972352d41ebe283dba719d65db5c846e408dd02
39,0x0000000000000000000000000000000000000000,0x3972352d41ebe283dba719d65db5c846e408dd02
40,0x0000000000000000000000000000000000000000,0x3972352d41ebe283dba719d65db5c846e408dd02
41,0x0000000000000000000000000000000000000000,0xe0931696f00d446d7ca8f0408bcf72a1f485383c
42,0x0000000000000000000000000000000000000000,0xe0931696f00d446d7ca8f0408bcf72a1f485383c
43,0x0000000000000000000000000000000000000000,0xe0931696f00d446d7ca8f0408bcf72a1f485383c
44,0x0000000000000000000000000000000000000000,0xe0931696f00d446d7ca8f0408bcf72a1f485383c
45,0x0000000000000000000000000000000000000000,0xe0931696f00d446d7ca8f0408bcf72a1f485383c
46,0x0000000000000000000000000000000000000000,0xe0931696f00d446d7ca8f0408bcf72a1f485383c
47,0x0000000000000000000000000000000000000000,0x4e7875491ec4764004740d8f579d8159b74e9621
48,0x0000000000000000000000000000000000000000,0x4e7875491ec4764004740d8f579d8159b74e9621
49,0x0000000000000000000000000000000000000000,0x4e7875491ec4764004740d8f579d8159b74e9621
50,0x0000000000000000000000000000000000000000,0x4e7875491ec4764004740d8f579d8159b74e9621
51,0x0000000000000000000000000000000000000000,0x4e7875491ec4764004740d8f579d8159b74e9621
52,0x99b11c7d0d3a5083a8e5410a2e709a3067426064,0x853b811892b8107860e8b71e670a83c462b4a507
53,0x0000000000000000000000000000000000000000,0xa8d662c3ab732d455f1523b47ab11422cb71a63c
54,0x0000000000000000000000000000000000000000,0xa8d662c3ab732d455f1523b47ab11422cb71a63c
55,0x0000000000000000000000000000000000000000,0xa8d662c3ab732d455f1523b47ab11422cb71a63c
56,0x0000000000000000000000000000000000000000,0xa8d662c3ab732d455f1523b47ab11422cb71a63c
57,0x0000000000000000000000000000000000000000,0xa8d662c3ab732d455f1523b47ab11422cb71a63c
58,0x0000000000000000000000000000000000000000,0xa8d662c3ab732d455f1523b47ab11422cb71a63c
59,0x0000000000000000000000000000000000000000,0xa8d662c3ab732d455f1523b47ab11422cb71a63c
60,0x0000000000000000000000000000000000000000,0xa8d662c3ab732d455f1523b47ab11422cb71a63c
61,0x0000000000000000000000000000000000000000,0xa8d662c3ab732d455f1523b47ab11422cb71a63c
62,0x0000000000000000000000000000000000000000,0xa8d662c3ab732d455f1523b47ab11422cb71a63c
63,0xd0d801c1053555726bdcf188f4a55e690c440e74,0x7d551b4aa5938d18be5c5e9fde7fece9566611ba
64,0xe2ecf41f22273c2205bde026d0020cb1a512d0f1,0xe250c7540ffc0fe802a3cd1ba907adde9d410051
65,0x0000000000000000000000000000000000000000,0x76a76153dd6ccce468127967518f6f7e75f7b3f0
66,0x0000000000000000000000000000000000000000,0x8d6548699a432951f3129c06e253c752c3f05038
67,0x0000000000000000000000000000000000000000,0xb6af0e59e41f75552af00138a9f62acaef2b6254
68,0x0000000000000000000000000000000000000000,0xdf2e5c16cb9558bb8a60fc8037edf47e03468aaf
69,0x0000000000000000000000000000000000000000,0xdf2e5c16cb9558bb8a60fc8037edf47e03468aaf
70,0x0000000000000000000000000000000000000000,0xdf2e5c16cb9558bb8a60fc8037edf47e03468aaf
71,0x0000000000000000000000000000000000000000,0xdf2e5c16cb9558bb8a60fc8037edf47e03468aaf
72,0x0000000000000000000000000000000000000000,0xdf2e5c16cb9558bb8a60fc8037edf47e03468aaf
73,0x0000000000000000000000000000000000000000,0xdf2e5c16cb9558bb8a60fc8037edf47e03468aaf
74,0x0000000000000000000000000000000000000000,0xdf2e5c16cb9558bb8a60fc8037edf47e03468aaf
75,0x0000000000000000000000000000000000000000,0xdf2e5c16cb9558bb8a60fc8037edf47e03468aaf
76,0x0000000000000000000000000000000000000000,0xdf2e5c16cb9558bb8a60fc8037edf47e03468aaf
77,0x0000000000000000000000000000000000000000,0xdf2e5c16cb9558bb8a60fc8037edf47e03468aaf
78,0x0000000000000000000000000000000000000000,0x5ee42438d0d8fc399c94ef3543665e993e847b49
79,0x0000000000000000000000000000000000000000,0x5ee42438d0d8fc399c94ef3543665e993e847b49
80,0x0000000000000000000000000000000000000000,0xbb86939907b24fe586b736700dd0a3920a6fd901
81,0x2a3b3ab29e88310f48739e77d008dbb0940c01a0,0xf2cf1ce0e48d0f4c063451c7532a0bcc03905269
82,0x0000000000000000000000000000000000000000,0x579a28f0dc9800400234516499deaa4de5be0e25
83,0x0000000000000000000000000000000000000000,0x579a28f0dc9800400234516499deaa4de5be0e25
84,0x0000000000000000000000000000000000000000,0x579a28f0dc9800400234516499deaa4de5be0e25
85,0x0000000000000000000000000000000000000000,0xe564d9afc3e8d7ddc99912dbc5db58925b414024
86,0x0000000000000000000000000000000000000000,0xe564d9afc3e8d7ddc99912dbc5db58925b414024
87,0x0000000000000000000000000000000000000000,0xe564d9afc3e8d7ddc99912dbc5db58925b414024
88,0x0000000000000000000000000000000000000000,0xe564d9afc3e8d7ddc99912dbc5db58925b414024
89,0x0000000000000000000000000000000000000000,0xe564d9afc3e8d7ddc99912dbc5db58925b414024
90,0x0000000000000000000000000000000000000000,0xe564d9afc3e8d7ddc99912dbc5db58925b414024
91,0x0000000000000000000000000000000000000000,0xe564d9afc3e8d7ddc99912dbc5db58925b414024
92,0x0000000000000000000000000000000000000000,0xe564d9afc3e8d7ddc99912dbc5db58925b414024
93,0x0000000000000000000000000000000000000000,0xe564d9afc3e8d7ddc99912dbc5db58925b414024
94,0x0000000000000000000000000000000000000000,0xe564d9afc3e8d7ddc99912dbc5db58925b414024
95,0x0000000000000000000000000000000000000000,0xe4df22aeb61aefe79bee97344f59f531a0d3db62
96,0x0000000000000000000000000000000000000000,0xe4df22aeb61aefe79bee97344f59f531a0d3db62
97,0x0000000000000000000000000000000000000000,0x08cc3f20fc076ce12867faef7d9e4048a2bcd561
98,0x0000000000000000000000000000000000000000,0x08cc3f20fc076ce12867faef7d9e4048a2bcd561
99,0x0000000000000000000000000000000000000000,0x08cc3f20fc076ce12867faef7d9e4048a2bcd561
100,0x0000000000000000000000000000000000000000,0x08cc3f20fc076ce12867faef7d9e4048a2bcd561
101,0x0000000000000000000000000000000000000000,0x08cc3f20fc076ce12867faef7d9e4048a2bcd561
102,0x0000000000000000000000000000000000000000,0x08cc3f20fc076ce12867faef7d9e4048a2bcd561
103,0x0000000000000000000000000000000000000000,0x08cc3f20fc076ce12867faef7d9e4048a2bcd561
104,0x0000000000000000000000000000000000000000,0x08cc3f20fc076ce12867faef7d9e4048a2bcd561
105,0x0000000000000000000000000000000000000000,0x08cc3f20fc076ce12867faef7d9e4048a2bcd561
106,0x0000000000000000000000000000000000000000,0x08cc3f20fc076ce12867faef7d9e4048a2bcd561
107,0x0000000000000000000000000000000000000000,0x335234dd05bc0ffd214cea60791546af5fc37233
108,0xe5b545c8f1c6a9ecbc53d78b3a2916fcf065bb43,0x0f1d0c7b718d1bc6504784df476516f09533fecb
109,0xa8d662c3ab732d455f1523b47ab11422cb71a63c,0x8faba3912951e0cc0abee1f7d4115405f9bb3109
110,0xb2ee477ced8d69afdb5707b31170c782f5f26f5b,0x97b8985cd3e295c58c0f85345ebffe5482a56db6
111,0xc5d7be4a4e5957baa078201f41d9fd5f21b91b1b,0x42f7d6132fa6e06d49d83ee3d87bf6af70d0c40a
112,0x0000000000000000000000000000000000000000,0x244fe02fbcf4db4ad96063b161f00e444fc54011
113,0x0000000000000000000000000000000000000000,0x244fe02fbcf4db4ad96063b161f00e444fc54011
114,0x0000000000000000000000000000000000000000,0x55779f340029eaf6814e980fb2ee93d0f82a91ee
115,0x0000000000000000000000000000000000000000,0x2fbb88ec97c4ffc513c837c566d801b368aa671e
116,0x0000000000000000000000000000000000000000,0x2fbb88ec97c4ffc513c837c566d801b368aa671e
117,0x0000000000000000000000000000000000000000,0x2fbb88ec97c4ffc513c837c566d801b368aa671e
118,0x0000000000000000000000000000000000000000,0x2fbb88ec97c4ffc513c837c566d801b368aa671e
119,0x0000000000000000000000000000000000000000,0x2fbb88ec97c4ffc513c837c566d801b368aa671e
120,0x0000000000000000000000000000000000000000,0x2fbb88ec97c4ffc513c837c566d801b368aa671e
121,0x0000000000000000000000000000000000000000,0x2fbb88ec97c4ffc513c837c566d801b368aa671e
122,0x0000000000000000000000000000000000000000,0x2fbb88ec97c4ffc513c837c566d801b368aa671e
123,0x0000000000000000000000000000000000000000,0x2fbb88ec97c4ffc513c837c566d801b368aa671e
124,0x0000000000000000000000000000000000000000,0x2fbb88ec97c4ffc513c837c566d801b368aa671e
125,0x9abc30f3fe9e2d8fb49bd9d2376a22da2dfd44f1,0xba449117818563a65bc65019138c553eb87f1474
126,0xa92d3fc5d44c57c8553a30d10e8adc90d4393e63,0xc887fadc6baaa8cd234d9104a65b37265522b024
127,0x0000000000000000000000000000000000000000,0x0820f4612c4f657354ee9b30008ed307a2bceea7
128,0x0000000000000000000000000000000000000000,0x0820f4612c4f657354ee9b30008ed307a2bceea7
129,0x0000000000000000000000000000000000000000,0x0820f4612c4f657354ee9b30008ed307a2bceea7
130,0x0000000000000000000000000000000000000000,0x0820f4612c4f657354ee9b30008ed307a2bceea7
131,0x0000000000000000000000000000000000000000,0x0820f4612c4f657354ee9b30008ed307a2bceea7
132,0x0000000000000000000000000000000000000000,0x0820f4612c4f657354ee9b30008ed307a2bceea7
133,0x0000000000000000000000000000000000000000,0x0820f4612c4f657354ee9b30008ed307a2bceea7
134,0x0000000000000000000000000000000000000000,0x0820f4612c4f657354ee9b30008ed307a2bceea7
135,0x0000000000000000000000000000000000000000,0x0820f4612c4f657354ee9b30008ed307a2bceea7
136,0x0000000000000000000000000000000000000000,0x0820f4612c4f657354ee9b30008ed307a2bceea7
137,0x732295d8d9108297d5f0c6b88cb0eb13ce5bbb08,0xc071823c582c2ecdfe5306f20af4e5bd3c51e25e
138,0x0000000000000000000000000000000000000000,0x616ed054e0e0fdbfcad3fa2f42daed3d7d4ee448
139,0x0000000000000000000000000000000000000000,0x616ed054e0e0fdbfcad3fa2f42daed3d7d4ee448
140,0x0000000000000000000000000000000000000000,0x616ed054e0e0fdbfcad3fa2f42daed3d7d4ee448
141,0x0000000000000000000000000000000000000000,0x616ed054e0e0fdbfcad3fa2f42daed3d7d4ee448
142,0x0000000000000000000000000000000000000000,0x616ed054e0e0fdbfcad3fa2f42daed3d7d4ee448
143,0x0000000000000000000000000000000000000000,0x616ed054e0e0fdbfcad3fa2f42daed3d7d4ee448
144,0x0000000000000000000000000000000000000000,0x616ed054e0e0fdbfcad3fa2f42daed3d7d4ee448
145,0x0000000000000000000000000000000000000000,0x616ed054e0e0fdbfcad3fa2f42daed3d7d4ee448
146,0x0000000000000000000000000000000000000000,0x616ed054e0e0fdbfcad3fa2f42daed3d7d4ee448
147,0x0000000000000000000000000000000000000000,0x616ed054e0e0fdbfcad3fa2f42daed3d7d4ee448
148,0x1057b6adb95680c811c256a393f5c523d94fd6a6,0x876c4da111530c1626dbed9fabc1f4429e60b036
149,0x0000000000000000000000000000000000000000,0x978c4f6c1df5a2e28c5f39d6ccb6b21648e1f99c
150,0x0000000000000000000000000000000000000000,0x978c4f6c1df5a2e28c5f39d6ccb6b21648e1f99c
151,0x0000000000000000000000000000000000000000,0x978c4f6c1df5a2e28c5f39d6ccb6b21648e1f99c
152,0x0000000000000000000000000000000000000000,0x3eddd8f5d45d635f7a67ad45b8ef1771e946b4e3
153,0x0000000000000000000000000000000000000000,0x3eddd8f5d45d635f7a67ad45b8ef1771e946b4e3
154,0x6981378e696b0dd0e585d4d519c98b8a2c5bc020,0xd5a9c4a92dde274e126f82b215fccb511147cd8e
155,0x0000000000000000000000000000000000000000,0xae77719e9997567951bc08e6e42f885798ad4b71
156,0x0000000000000000000000000000000000000000,0x63244b5f1ebcb999ea012da652dffee6653bf8f5
157,0x0000000000000000000000000000000000000000,0x63244b5f1ebcb999ea012da652dffee6653bf8f5
158,0x0000000000000000000000000000000000000000,0x63244b5f1ebcb999ea012da652dffee6653bf8f5
159,0x0000000000000000000000000000000000000000,0x63244b5f1ebcb999ea012da652dffee6653bf8f5
160,0x0000000000000000000000000000000000000000,0x63244b5f1ebcb999ea012da652dffee6653bf8f5
161,0x0000000000000000000000000000000000000000,0xc79dce8cd3897123998ef408dadc46adc48e8eae
162,0x050ee024a0ffd8b9bd383271835b27dd66c3fec3,0xaaa60100d9971504a389fae0c2a0d986f780c56c
163,0xef6c1456a2467c9016a443812d0c182706fdf722,0xb77f82fe1a49725cc12ff127f18e84ad3770049d
164,0x0000000000000000000000000000000000000000,0xeefbc827847d018d79095216674112eda4be2ec2
165,0x0000000000000000000000000000000000000000,0xeefbc827847d018d79095216674112eda4be2ec2
166,0x0000000000000000000000000000000000000000,0x95e50880ce49e0f23339886cdec174840effb6e0
167,0x603136b204592de6bc16d783bfa8ec0f7a526c5f,0xc6f88c44ef441d90438c1d3af3787eeb2e69b2d2
168,0x0000000000000000000000000000000000000000,0xc70b0b44e47e8604b4234f2d2d8e79540b0cf64b
169,0x0000000000000000000000000000000000000000,0xc70b0b44e47e8604b4234f2d2d8e79540b0cf64b
170,0x0000000000000000000000000000000000000000,0xc70b0b44e47e8604b4234f2d2d8e79540b0cf64b
171,0x0000000000000000000000000000000000000000,0xc70b0b44e47e8604b4234f2d2d8e79540b0cf64b
172,0x0000000000000000000000000000000000000000,0xc70b0b44e47e8604b4234f2d2d8e79540b0cf64b
173,0xd42a4deab2bdc576733b4925bd199cfdfdfc55dd,0x2d7fdca2a80343dc46ad0129856e8b82ead945cb
174,0x2a00f63af45627ff351549106ea735bd973aa86e,0xafcd6e3d6b8e87722ed8d5a598e811672a462a9d
175,0x978d0cf573911ca88f37251b7c9c8462c8b2fe67,0xf977031f2558b8d2d6576cab0e1b40ca8375aa05
176,0x0000000000000000000000000000000000000000,0xec9d209252fe238037021e6e6b1ac99cf7f46df6
177,0x0000000000000000000000000000000000000000,0x4fdb1a0c938d374d1c4c41774e0432db52784d21
178,0x1853dc4fbfe3b29012ac6df6ca44b4fca0aa1959,0xbbe0ca2546ae0f9d4b7b6f731e427f072656c7d4
179,0xe8c8eab7617f6ee168577498562c7ceff762113d,0x9fef30804156a3a37e563987df768cef16e36470
180,0xdc0b3127a71367227311f02fe4dda2a6ccdbae78,0xde89db35d4aaa281904faccf48033a66003ea50d
181,0x0000000000000000000000000000000000000000,0x10fcfee7652172acd0f550f8d7650fb17be064f8
182,0x0000000000000000000000000000000000000000,0x10fcfee7652172acd0f550f8d7650fb17be064f8
183,0x0000000000000000000000000000000000000000,0x10fcfee7652172acd0f550f8d7650fb17be064f8
184,0x0000000000000000000000000000000000000000,0x10fcfee7652172acd0f550f8d7650fb17be064f8
185,0x0000000000000000000000000000000000000000,0x10fcfee7652172acd0f550f8d7650fb17be064f8
186,0x0000000000000000000000000000000000000000,0x61d0ea212b35721e021f56094603165a92410c19
187,0x0000000000000000000000000000000000000000,0x61d0ea212b35721e021f56094603165a92410c19
188,0x0000000000000000000000000000000000000000,0x61d0ea212b35721e021f56094603165a92410c19
189,0x0000000000000000000000000000000000000000,0x61d0ea212b35721e021f56094603165a92410c19
190,0x0000000000000000000000000000000000000000,0x61d0ea212b35721e021f56094603165a92410c19
191,0x0000000000000000000000000000000000000000,0x61d0ea212b35721e021f56094603165a92410c19
192,0x0000000000000000000000000000000000000000,0x61d0ea212b35721e021f56094603165a92410c19
193,0x0000000000000000000000000000000000000000,0x61d0ea212b35721e021f56094603165a92410c19
194,0x0000000000000000000000000000000000000000,0x61d0ea212b35721e021f56094603165a92410c19
195,0x0000000000000000000000000000000000000000,0x61d0ea212b35721e021f56094603165a92410c19
196,0x0000000000000000000000000000000000000000,0x0ff2c09b73efd337a95b72f27226c15156abff70
197,0x5338035c008ea8c4b850052bc8dad6a33dc2206c,0x80fbf1ad5353e0bc3924f8313847767674e6323f
198,0x0000000000000000000000000000000000000000,0x7833bb98bf9b155f9824e36b2ec5d7e708a88f9f
199,0x0000000000000000000000000000000000000000,0x55ef96bd356ffce421e12dcca303071752526b37
200,0x0000000000000000000000000000000000000000,0x55ef96bd356ffce421e12dcca303071752526b37
201,0x99799dbb5a66b2ed2499524a741ab7911236db1c,0xef91cdb76f11778379cdb225bf7e853192bf99df
202,0x0000000000000000000000000000000000000000,0x99f4f03f53dc5cb4a1bb01ebbe29a5a4104c1ead
203,0x0000000000000000000000000000000000000000,0x99f4f03f53dc5cb4a1bb01ebbe29a5a4104c1ead
204,0x0000000000000000000000000000000000000000,0x99f4f03f53dc5cb4a1bb01ebbe29a5a4104c1ead
205,0x0000000000000000000000000000000000000000,0x99f4f03f53dc5cb4a1bb01ebbe29a5a4104c1ead
206,0x0000000000000000000000000000000000000000,0x99f4f03f53dc5cb4a1bb01ebbe29a5a4104c1ead
207,0x0000000000000000000000000000000000000000,0x80786110d07ce195c27efa51dd4056b32e6cd5f6
208,0x0000000000000000000000000000000000000000,0x80786110d07ce195c27efa51dd4056b32e6cd5f6
209,0xa5e7cd287f930bb17a7cb2b9ba86eb32bbd1b554,0xf25b4bcc460df100f67ac6421a2824b730579a25
210,0x9017c92270f465fe35c8adf47ad9b2c344765561,0xd30b579be7da30c903c96c7de3729f8977e614e4
211,0x0000000000000000000000000000000000000000,0x0ec4b6689d848c5138fb1f039064af8de6ba6551
212,0x0000000000000000000000000000000000000000,0x0ec4b6689d848c5138fb1f039064af8de6ba6551
213,0x0000000000000000000000000000000000000000,0x0ec4b6689d848c5138fb1f039064af8de6ba6551
214,0x0000000000000000000000000000000000000000,0x0ec4b6689d848c5138fb1f039064af8de6ba6551
215,0x0000000000000000000000000000000000000000,0x0ec4b6689d848c5138fb1f039064af8de6ba6551
216,0x0000000000000000000000000000000000000000,0x0ec4b6689d848c5138fb1f039064af8de6ba6551
217,0x0000000000000000000000000000000000000000,0x0ec4b6689d848c5138fb1f039064af8de6ba6551
218,0x0000000000000000000000000000000000000000,0x0ec4b6689d848c5138fb1f039064af8de6ba6551
219,0x0000000000000000000000000000000000000000,0x0ec4b6689d848c5138fb1f039064af8de6ba6551
220,0x0000000000000000000000000000000000000000,0x0ec4b6689d848c5138fb1f039064af8de6ba6551
221,0x0000000000000000000000000000000000000000,0xfa40715393c134c098532e6a8431941c7801b40f
222,0x0000000000000000000000000000000000000000,0xfa40715393c134c098532e6a8431941c7801b40f
223,0x0000000000000000000000000000000000000000,0xfa40715393c134c098532e6a8431941c7801b40f
224,0x0000000000000000000000000000000000000000,0xfa40715393c134c098532e6a8431941c7801b40f
225,0x0000000000000000000000000000000000000000,0x727f25672f4f2815831ed496c87b33faeb639238
226,0x0000000000000000000000000000000000000000,0x727f25672f4f2815831ed496c87b33faeb639238
227,0x0000000000000000000000000000000000000000,0x9abc30f3fe9e2d8fb49bd9d2376a22da2dfd44f1
228,0x0000000000000000000000000000000000000000,0x9abc30f3fe9e2d8fb49bd9d2376a22da2dfd44f1
229,0x0000000000000000000000000000000000000000,0x9abc30f3fe9e2d8fb49bd9d2376a22da2dfd44f1
230,0x0000000000000000000000000000000000000000,0x9abc30f3fe9e2d8fb49bd9d2376a22da2dfd44f1
231,0x0000000000000000000000000000000000000000,0x9abc30f3fe9e2d8fb49bd9d2376a22da2dfd44f1
232,0x0000000000000000000000000000000000000000,0x9abc30f3fe9e2d8fb49bd9d2376a22da2dfd44f1
233,0x0000000000000000000000000000000000000000,0x9abc30f3fe9e2d8fb49bd9d2376a22da2dfd44f1
234,0x0000000000000000000000000000000000000000,0x9abc30f3fe9e2d8fb49bd9d2376a22da2dfd44f1
235,0x0000000000000000000000000000000000000000,0x9abc30f3fe9e2d8fb49bd9d2376a22da2dfd44f1
236,0x0000000000000000000000000000000000000000,0x9abc30f3fe9e2d8fb49bd9d2376a22da2dfd44f1
237,0x0000000000000000000000000000000000000000,0xba5edc0d2ae493c9574328d77dc36eef19f699e2
238,0x0000000000000000000000000000000000000000,0xba5edc0d2ae493c9574328d77dc36eef19f699e2
239,0x0000000000000000000000000000000000000000,0xba5edc0d2ae493c9574328d77dc36eef19f699e2
240,0x0000000000000000000000000000000000000000,0xba5edc0d2ae493c9574328d77dc36eef19f699e2
241,0x0000000000000000000000000000000000000000,0xba5edc0d2ae493c9574328d77dc36eef19f699e2
242,0x0000000000000000000000000000000000000000,0xba5edc0d2ae493c9574328d77dc36eef19f699e2
243,0x0000000000000000000000000000000000000000,0xba5edc0d2ae493c9574328d77dc36eef19f699e2
244,0x0000000000000000000000000000000000000000,0xba5edc0d2ae493c9574328d77dc36eef19f699e2
245,0x0000000000000000000000000000000000000000,0xba5edc0d2ae493c9574328d77dc36eef19f699e2
246,0x0000000000000000000000000000000000000000,0xba5edc0d2ae493c9574328d77dc36eef19f699e2
247,0x0000000000000000000000000000000000000000,0xae099730dfc04c086acd0ad9881f86ac62ad0b7a
248,0x0000000000000000000000000000000000000000,0xae099730dfc04c086acd0ad9881f86ac62ad0b7a
249,0x0000000000000000000000000000000000000000,0xae099730dfc04c086acd0ad9881f86ac62ad0b7a
250,0x0000000000000000000000000000000000000000,0xae099730dfc04c086acd0ad9881f86ac62ad0b7a
251,0x0000000000000000000000000000000000000000,0xae099730dfc04c086acd0ad9881f86ac62ad0b7a
252,0x0000000000000000000000000000000000000000,0xae099730dfc04c086acd0ad9881f86ac62ad0b7a
253,0x0000000000000000000000000000000000000000,0xae099730dfc04c086acd0ad9881f86ac62ad0b7a
254,0x0000000000000000000000000000000000000000,0xae099730dfc04c086acd0ad9881f86ac62ad0b7a
255,0x0000000000000000000000000000000000000000,0xae099730dfc04c086acd0ad9881f86ac62ad0b7a
256,0x0000000000000000000000000000000000000000,0xae099730dfc04c086acd0ad9881f86ac62ad0b7a
257,0x0000000000000000000000000000000000000000,0x26007a436a939468fc753121bed1b20ed3332538
258,0x0000000000000000000000000000000000000000,0x26007a436a939468fc753121bed1b20ed3332538
259,0x0000000000000000000000000000000000000000,0x26007a436a939468fc753121bed1b20ed3332538
260,0x0000000000000000000000000000000000000000,0x26007a436a939468fc753121bed1b20ed3332538
261,0x0000000000000000000000000000000000000000,0x26007a436a939468fc753121bed1b20ed3332538
262,0x0000000000000000000000000000000000000000,0x6e39bdd23168f3fb68ba4ead8349ccc40cec07db
263,0x0000000000000000000000000000000000000000,0x6e39bdd23168f3fb68ba4ead8349ccc40cec07db
264,0x0000000000000000000000000000000000000000,0x6e39bdd23168f3fb68ba4ead8349ccc40cec07db
265,0x0000000000000000000000000000000000000000,0x6e39bdd23168f3fb68ba4ead8349ccc40cec07db
266,0x0000000000000000000000000000000000000000,0x6e39bdd23168f3fb68ba4ead8349ccc40cec07db
267,0xf0ed09ba849f7c67cf0507e174edcdcb57df7b8f,0xedec3a7d41be809df55225c2c8069bf2e57c79f9
268,0x0000000000000000000000000000000000000000,0xd65f8426518f3d77581896b0438450f99e261ff9
269,0x92f9caf16d9b23e794f3aa9615f4a56fad3fc3dd,0x42f7d6132fa6e06d49d83ee3d87bf6af70d0c40a
270,0x9161d8a046136c6cecbbd24fe71d12922e8606fe,0xd5a9c4a92dde274e126f82b215fccb511147cd8e
271,0x0ca0f5a2f01d9f076c94f2f9fdea5f2ccd37b661,0x59e2337d163a7e7694f868b6e503400119e11e54
272,0x0000000000000000000000000000000000000000,0x5668fabd29c89bd16dc78e150eb8a3ae32155dc3
273,0x0000000000000000000000000000000000000000,0x5668fabd29c89bd16dc78e150eb8a3ae32155dc3
274,0x0000000000000000000000000000000000000000,0x910b48c25afc5b2a998458b62d467d482eca74af
275,0x0000000000000000000000000000000000000000,0x910b48c25afc5b2a998458b62d467d482eca74af
276,0xaa2e61bd52d62cccc988e3dd1e38fc10c25741e5,0x580a5b2f32bd14af9da1e01ef41feb754f78c350
277,0x1f95b6bdf9a2e501c87bd76ac1d2ffa5e44b163c,0xef30fa2138a725523451688279b11216b0505e98
278,0x4767d4db19f96fab31e66f6ecd85a4cdc09504bc,0x4188c4cd0d7cd95fe54e8c55ccd2d057b9d01980
279,0xd880c6dcf441b6c26c2701174926f54bc1babdf0,0x1c1919ec9de318b58fa66bae7449438c673e10b8
280,0x0000000000000000000000000000000000000000,0xd8fea3033bc41c2e87aa50a211c146ae2184b602
281,0x0000000000000000000000000000000000000000,0xd8fea3033bc41c2e87aa50a211c146ae2184b602
282,0x0000000000000000000000000000000000000000,0x2a1eadd255ab80278292edcc3099b1ee9e9c09ee
283,0x0000000000000000000000000000000000000000,0x2a1eadd255ab80278292edcc3099b1ee9e9c09ee
284,0x0000000000000000000000000000000000000000,0x2a1eadd255ab80278292edcc3099b1ee9e9c09ee
285,0x0000000000000000000000000000000000000000,0x2a1eadd255ab80278292edcc3099b1ee9e9c09ee
286,0x0000000000000000000000000000000000000000,0x2a1eadd255ab80278292edcc3099b1ee9e9c09ee
287,0x0000000000000000000000000000000000000000,0x2a1eadd255ab80278292edcc3099b1ee9e9c09ee
288,0x0000000000000000000000000000000000000000,0x2a1eadd255ab80278292edcc3099b1ee9e9c09ee
289,0x0000000000000000000000000000000000000000,0x2a1eadd255ab80278292edcc3099b1ee9e9c09ee
290,0x0000000000000000000000000000000000000000,0x2a1eadd255ab80278292edcc3099b1ee9e9c09ee
291,0x0000000000000000000000000000000000000000,0x2a1eadd255ab80278292edcc3099b1ee9e9c09ee
292,0xae802b9360fb59b2d6cb15c5e329714c1f1f117b,0xc1563bdf57bdb990c89070aa72cda57fe8d6913d
293,0x3f59d9fbd46e676d9a2a7acfcb210044dbd997b8,0xeb1fbb2d250d7a20ecd76a33c079d7c0b74f965e
294,0x3f59d9fbd46e676d9a2a7acfcb210044dbd997b8,0xeb1fbb2d250d7a20ecd76a33c079d7c0b74f965e
295,0x3f59d9fbd46e676d9a2a7acfcb210044dbd997b8,0xeb1fbb2d250d7a20ecd76a33c079d7c0b74f965e
296,0x3f59d9fbd46e676d9a2a7acfcb210044dbd997b8,0xeb1fbb2d250d7a20ecd76a33c079d7c0b74f965e
297,0x3f59d9fbd46e676d9a2a7acfcb210044dbd997b8,0xeb1fbb2d250d7a20ecd76a33c079d7c0b74f965e
298,0x3f59d9fbd46e676d9a2a7acfcb210044dbd997b8,0xeb1fbb2d250d7a20ecd76a33c079d7c0b74f965e
299,0x08cc3f20fc076ce12867faef7d9e4048a2bcd561,0x055f86a0aaf702d7324076ae9c5b9aa203204ccd
300,0x94d727b34eff4dd5814a3bb4921cbe457f90fbfa,0x3fd0f5d8d4256d39468a8a2e760cb836c583eb38
301,0x52029325ab640c933e86fea95002c1b9a774a6b5,0xfcc1d38e9e2cf7b4f2010ee04008d8561673ba6a
302,0x0000000000000000000000000000000000000000,0x2555b302bcd82d552e1fb6f6147980f3f877e7fe
303,0x0000000000000000000000000000000000000000,0x65b4e64e3e6d4a155f8193ec608c1a49e914a7af
304,0x0000000000000000000000000000000000000000,0x65b4e64e3e6d4a155f8193ec608c1a49e914a7af
305,0x0000000000000000000000000000000000000000,0x2c07681e81b5f98c615cd2dd807a1b141982914d
306,0x0000000000000000000000000000000000000000,0x2c07681e81b5f98c615cd2dd807a1b141982914d
307,0x0000000000000000000000000000000000000000,0x2c07681e81b5f98c615cd2dd807a1b141982914d
308,0x0000000000000000000000000000000000000000,0x2c07681e81b5f98c615cd2dd807a1b141982914d
309,0x0000000000000000000000000000000000000000,0x2c07681e81b5f98c615cd2dd807a1b141982914d
310,0xd4cf19f76addb489d079d0f60f41d6e91e7c79e1,0x003e790127e6375be0e016e3294de76fe57ed369
311,0x0000000000000000000000000000000000000000,0x0abb75f676d0c131c04324dd98150a39213edd41
312,0x0000000000000000000000000000000000000000,0x0abb75f676d0c131c04324dd98150a39213edd41
313,0x0000000000000000000000000000000000000000,0x0abb75f676d0c131c04324dd98150a39213edd41
314,0x0000000000000000000000000000000000000000,0x0abb75f676d0c131c04324dd98150a39213edd41
315,0x0000000000000000000000000000000000000000,0x0abb75f676d0c131c04324dd98150a39213edd41
316,0x0000000000000000000000000000000000000000,0x0abb75f676d0c131c04324dd98150a39213edd41
317,0x0000000000000000000000000000000000000000,0x0abb75f676d0c131c04324dd98150a39213edd41
318,0x0000000000000000000000000000000000000000,0x0abb75f676d0c131c04324dd98150a39213edd41
319,0x0000000000000000000000000000000000000000,0x0abb75f676d0c131c04324dd98150a39213edd41
320,0x0000000000000000000000000000000000000000,0x0abb75f676d0c131c04324dd98150a39213edd41
321,0xd505670ad549629a67be2c20c12e930599345366,0x8faba3912951e0cc0abee1f7d4115405f9bb3109
322,0x98aec1e4e88564a48331e55b4366f6f4b2e48f24,0xd0d801c1053555726bdcf188f4a55e690c440e74
323,0x0000000000000000000000000000000000000000,0x94a465183ff9a939295d3c8cc09b5ca27a63fb9c
324,0x0000000000000000000000000000000000000000,0x94a465183ff9a939295d3c8cc09b5ca27a63fb9c
325,0x0000000000000000000000000000000000000000,0x94a465183ff9a939295d3c8cc09b5ca27a63fb9c
326,0x0000000000000000000000000000000000000000,0x7c8f4a31bfa6a2bc70e538dec4636da3c531abe8
327,0x0000000000000000000000000000000000000000,0x0de53a95939c5be2b293487db1d8de6dbac63894
328,0x42f7d6132fa6e06d49d83ee3d87bf6af70d0c40a,0xf05155f792819710da259c103d30e4b70178ea9f
329,0x85234aa474fb2d5077d523765c62a5fc6f31d3a4,0x0decda802c69e697333a8762c88b12ed1e334fec
330,0x0f2d0b673d9256c13511bc2bfc059ae354cceca6,0x45e48c0a6fe8b759652624451c83387130c58367
331,0xfb0ac449c839a24def18badcffc0c8663887bb49,0xcc1dd9520afdb08e32b57b35f00cd2e6bcf4703a
332,0x0000000000000000000000000000000000000000,0xd30b579be7da30c903c96c7de3729f8977e614e4
333,0x0000000000000000000000000000000000000000,0xd30b579be7da30c903c96c7de3729f8977e614e4
334,0xb0c1ea2701ea0beba9f173c664d635f3105663cd,0x97d2767db42135e1e2a5fd7dd3e11646ef4d2b28
335,0x3330777cc5270db65e7df1d738e989dc16dd49f2,0xd5a9c4a92dde274e126f82b215fccb511147cd8e
336,0x7a13bfc2f21809a0ec1c8f787dfa5136579eb6d1,0x19703d938e10b18573ddb46252041f802e13e9fe
337,0x7a70536c4d695b1ec9df972e91461e834bfb00e8,0xc0bdae648dffe763951a6dba32499ee47a475122
338,0x0000000000000000000000000000000000000000,0x720a4fab08cb746fc90e88d1924a98104c0822cf
339,0x0000000000000000000000000000000000000000,0x720a4fab08cb746fc90e88d1924a98104c0822cf
340,0x0000000000000000000000000000000000000000,0x720a4fab08cb746fc90e88d1924a98104c0822cf
341,0x0000000000000000000000000000000000000000,0x720a4fab08cb746fc90e88d1924a98104c0822cf
342,0x0000000000000000000000000000000000000000,0x720a4fab08cb746fc90e88d1924a98104c0822cf
343,0x0000000000000000000000000000000000000000,0x720a4fab08cb746fc90e88d1924a98104c0822cf
344,0x0000000000000000000000000000000000000000,0x720a4fab08cb746fc90e88d1924a98104c0822cf
345,0x0000000000000000000000000000000000000000,0x720a4fab08cb746fc90e88d1924a98104c0822cf
346,0x0000000000000000000000000000000000000000,0x720a4fab08cb746fc90e88d1924a98104c0822cf
347,0x0000000000000000000000000000000000000000,0x720a4fab08cb746fc90e88d1924a98104c0822cf
348,0x461f3bddad558bd93f1e01afb79a38e1d076e5d2,0x8fd2fd46df0159d013a336d8a8dde6a1167bf376
349,0x179d872918135cd08122a16f7e2d52ddc8db739d,0xa9a8fdc2945b781a54ebd6663b4c785a0ebbd867
350,0x0000000000000000000000000000000000000000,0x03948243ab118759fbf5e1d25fa11a98b75ddbcf
351,0x0000000000000000000000000000000000000000,0x03948243ab118759fbf5e1d25fa11a98b75ddbcf
352,0x0000000000000000000000000000000000000000,0x03948243ab118759fbf5e1d25fa11a98b75ddbcf
353,0x0000000000000000000000000000000000000000,0x03948243ab118759fbf5e1d25fa11a98b75ddbcf
354,0x0000000000000000000000000000000000000000,0x03948243ab118759fbf5e1d25fa11a98b75ddbcf
355,0x0000000000000000000000000000000000000000,0x5d4a69725c6b06452860555c80585d4ad248abaa
356,0x0000000000000000000000000000000000000000,0x0bfff40545a2250c3f11993e7b75dbbcb11e36ac
357,0x0000000000000000000000000000000000000000,0x0bfff40545a2250c3f11993e7b75dbbcb11e36ac
358,0x0000000000000000000000000000000000000000,0x0bfff40545a2250c3f11993e7b75dbbcb11e36ac
359,0x0000000000000000000000000000000000000000,0x0bfff40545a2250c3f11993e7b75dbbcb11e36ac
360,0x0000000000000000000000000000000000000000,0x0bfff40545a2250c3f11993e7b75dbbcb11e36ac
361,0x5d2b7f517ea0c3a68e58c32f97b2b2c080ea3d6f,0xc1563bdf57bdb990c89070aa72cda57fe8d6913d
362,0x0000000000000000000000000000000000000000,0x5795d9d4eb2e6420f7b25a1e05965a1db1e56286
363,0x0000000000000000000000000000000000000000,0x5795d9d4eb2e6420f7b25a1e05965a1db1e56286
364,0x0000000000000000000000000000000000000000,0x5795d9d4eb2e6420f7b25a1e05965a1db1e56286
365,0x0000000000000000000000000000000000000000,0x5795d9d4eb2e6420f7b25a1e05965a1db1e56286
366,0x0000000000000000000000000000000000000000,0x5795d9d4eb2e6420f7b25a1e05965a1db1e56286
367,0x0000000000000000000000000000000000000000,0x5795d9d4eb2e6420f7b25a1e05965a1db1e56286
368,0x0000000000000000000000000000000000000000,0x5795d9d4eb2e6420f7b25a1e05965a1db1e56286
369,0x0000000000000000000000000000000000000000,0x5795d9d4eb2e6420f7b25a1e05965a1db1e56286
370,0x0000000000000000000000000000000000000000,0x5795d9d4eb2e6420f7b25a1e05965a1db1e56286
371,0x0000000000000000000000000000000000000000,0x5795d9d4eb2e6420f7b25a1e05965a1db1e56286
372,0x4dc8a4facf0cb23365f8960d3dfd5c6d5b8b6eca,0x845229acdca09ed3efad1c3f6979a00fb4e93bb4
373,0xd42a4deab2bdc576733b4925bd199cfdfdfc55dd,0x6fbf44626ff01f595158607c4c5354b5e081ba43
374,0x0000000000000000000000000000000000000000,0xbde87e3098a95913bcce1be493f8a636ae26e5f8
375,0x6981378e696b0dd0e585d4d519c98b8a2c5bc020,0xca582b7ffe9b2050aab80e75cf1cebd8a5bd10eb
376,0x0000000000000000000000000000000000000000,0x47b76a6ebb74cdc5028ab58aea81f9b7a4c9ebf4
377,0x0000000000000000000000000000000000000000,0x47b76a6ebb74cdc5028ab58aea81f9b7a4c9ebf4
378,0x0000000000000000000000000000000000000000,0x5d926c21bb777515b2bac425e3a55fc888fd9ea1
379,0x0000000000000000000000000000000000000000,0x5d926c21bb777515b2bac425e3a55fc888fd9ea1
380,0x0000000000000000000000000000000000000000,0x5d926c21bb777515b2bac425e3a55fc888fd9ea1
381,0x0000000000000000000000000000000000000000,0x000000dcf1190af44f7149b85299f18ce7221024
382,0xa25179297a3e6b19d1e055cc82db924c8c2096e1,0x8719cc70152c03b0282216f4b97051467b2654ec
383,0x0000000000000000000000000000000000000000,0xa33b43071f5677c733881ed432cdebc3f8a99202
384,0x0000000000000000000000000000000000000000,0xa33b43071f5677c733881ed432cdebc3f8a99202
385,0x0000000000000000000000000000000000000000,0xa33b43071f5677c733881ed432cdebc3f8a99202
386,0x0000000000000000000000000000000000000000,0x83e84cc194e595b43dcedfbffc3e0358366307f1
387,0x0000000000000000000000000000000000000000,0x83e84cc194e595b43dcedfbffc3e0358366307f1
388,0x0000000000000000000000000000000000000000,0x7ce22dd84adf83ee7fef515ce4f8a5ea4ef167a3
389,0x0000000000000000000000000000000000000000,0x5ff1a956284be4e6342aafa92f39fad65ac1acf8
390,0x0000000000000000000000000000000000000000,0x5ff1a956284be4e6342aafa92f39fad65ac1acf8
391,0x0000000000000000000000000000000000000000,0x5ff1a956284be4e6342aafa92f39fad65ac1acf8
392,0x0000000000000000000000000000000000000000,0x5ff1a956284be4e6342aafa92f39fad65ac1acf8
393,0x0000000000000000000000000000000000000000,0x5ff1a956284be4e6342aafa92f39fad65ac1acf8
394,0x0000000000000000000000000000000000000000,0x5ff1a956284be4e6342aafa92f39fad65ac1acf8
395,0x0000000000000000000000000000000000000000,0x5ff1a956284be4e6342aafa92f39fad65ac1acf8
396,0x0000000000000000000000000000000000000000,0x5ff1a956284be4e6342aafa92f39fad65ac1acf8
397,0x0000000000000000000000000000000000000000,0x5ff1a956284be4e6342aafa92f39fad65ac1acf8
398,0x0000000000000000000000000000000000000000,0x5ff1a956284be4e6342aafa92f39fad65ac1acf8
399,0x0000000000000000000000000000000000000000,0x91db87e43a6e07e0daea3b604213d69cca665805
400,0x0000000000000000000000000000000000000000,0x37323622fbf64f1f1c55e6e903854da106c5550c
401,0x0000000000000000000000000000000000000000,0x37323622fbf64f1f1c55e6e903854da106c5550c
402,0x0000000000000000000000000000000000000000,0x63a81a3c1e970246974d3a3d3a060fe0d599545d
403,0x0000000000000000000000000000000000000000,0x63a81a3c1e970246974d3a3d3a060fe0d599545d
404,0x4188c4cd0d7cd95fe54e8c55ccd2d057b9d01980,0x88750a035f521812bffedbf9014357282cf2d2e7
405,0xc5d7be4a4e5957baa078201f41d9fd5f21b91b1b,0x42f7d6132fa6e06d49d83ee3d87bf6af70d0c40a
406,0x0000000000000000000000000000000000000000,0x3bf4d4c0b1890028c158ae3495af5dc75340e22e
407,0x0000000000000000000000000000000000000000,0x3bf4d4c0b1890028c158ae3495af5dc75340e22e
408,0x603136b204592de6bc16d783bfa8ec0f7a526c5f,0xf1ea583f8e4980676615ca4218e97b191ad7949e
409,0x0000000000000000000000000000000000000000,0xa7ce0800a7869ce5862f5b2c64dbf749dc457c44
410,0x0000000000000000000000000000000000000000,0xa7ce0800a7869ce5862f5b2c64dbf749dc457c44
411,0x10dac4d9fc5217f67b1270b47b509e27e12bdfd8,0x54942dbea0f7675c2604424e42a20518af1647ac
412,0xe8c8eab7617f6ee168577498562c7ceff762113d,0xe487ed5ec80cca6e8a44f6d6f3f712088df8ad4f
413,0x6981378e696b0dd0e585d4d519c98b8a2c5bc020,0x0b742783bfac8d4b6d332e5d1b63f433fcd8c0a0
414,0x0000000000000000000000000000000000000000,0xd827531e21ad020f2e024e5d456f4ad4de9e591a
415,0x0000000000000000000000000000000000000000,0x732295d8d9108297d5f0c6b88cb0eb13ce5bbb08
416,0x0000000000000000000000000000000000000000,0x732295d8d9108297d5f0c6b88cb0eb13ce5bbb08
417,0x0000000000000000000000000000000000000000,0xe4c42d8ff616162826154ee9a29dc3c91c0594e8
418,0x0000000000000000000000000000000000000000,0xe4c42d8ff616162826154ee9a29dc3c91c0594e8
419,0x0000000000000000000000000000000000000000,0x603136b204592de6bc16d783bfa8ec0f7a526c5f
420,0x0000000000000000000000000000000000000000,0x603136b204592de6bc16d783bfa8ec0f7a526c5f
421,0x0000000000000000000000000000000000000000,0x603136b204592de6bc16d783bfa8ec0f7a526c5f
422,0x0000000000000000000000000000000000000000,0x603136b204592de6bc16d783bfa8ec0f7a526c5f
423,0x0000000000000000000000000000000000000000,0x603136b204592de6bc16d783bfa8ec0f7a526c5f
424,0x0000000000000000000000000000000000000000,0x603136b204592de6bc16d783bfa8ec0f7a526c5f
425,0x0000000000000000000000000000000000000000,0x603136b204592de6bc16d783bfa8ec0f7a526c5f
426,0x0000000000000000000000000000000000000000,0x603136b204592de6bc16d783bfa8ec0f7a526c5f
427,0x0000000000000000000000000000000000000000,0x603136b204592de6bc16d783bfa8ec0f7a526c5f
428,0x0000000000000000000000000000000000000000,0x603136b204592de6bc16d783bfa8ec0f7a526c5f
429,0x0000000000000000000000000000000000000000,0xa74d432e64cfe63e1252341ae7810c6f902595c7
430,0x0000000000000000000000000000000000000000,0xce4b4931b27d99f6d7b2227c9c3f6c54fefbd8f6
431,0xc3250be2f664db7b423973adfd400e4c5541a445,0x42f7d6132fa6e06d49d83ee3d87bf6af70d0c40a
432,0x0000000000000000000000000000000000000000,0x47b76a6ebb74cdc5028ab58aea81f9b7a4c9ebf4
433,0x3b346f99ad752117e04701269bdcec749a875069,0xf42512a7bb071f3ab39c600cac986005cc3b1b86
434,0x0000000000000000000000000000000000000000,0x7e9a6b14e78bf18bd483d208af423b96ab5075a4
435,0x0000000000000000000000000000000000000000,0x7e9a6b14e78bf18bd483d208af423b96ab5075a4
436,0x0000000000000000000000000000000000000000,0x94a465183ff9a939295d3c8cc09b5ca27a63fb9c
437,0x0000000000000000000000000000000000000000,0x94a465183ff9a939295d3c8cc09b5ca27a63fb9c
438,0xe2ecf41f22273c2205bde026d0020cb1a512d0f1,0x93b61c57c797003d096c612cefaa47b20c35d926
439,0xc13ce81feab5fc3d0fc636e1d6c0405010381e5f,0x000000000000000000000000000000000000dead
440,0xc13ce81feab5fc3d0fc636e1d6c0405010381e5f,0x000000000000000000000000000000000000dead
441,0xc13ce81feab5fc3d0fc636e1d6c0405010381e5f,0x000000000000000000000000000000000000dead
442,0xc13ce81feab5fc3d0fc636e1d6c0405010381e5f,0x000000000000000000000000000000000000dead
443,0xc13ce81feab5fc3d0fc636e1d6c0405010381e5f,0x000000000000000000000000000000000000dead
444,0xc13ce81feab5fc3d0fc636e1d6c0405010381e5f,0x000000000000000000000000000000000000dead
445,0x0000000000000000000000000000000000000000,0xb4cfb411252a80b35b6b73737ff11f510d0f5928
446,0x0000000000000000000000000000000000000000,0xb4cfb411252a80b35b6b73737ff11f510d0f5928
447,0x0000000000000000000000000000000000000000,0xb4cfb411252a80b35b6b73737ff11f510d0f5928
448,0x0000000000000000000000000000000000000000,0xb4cfb411252a80b35b6b73737ff11f510d0f5928
449,0x0000000000000000000000000000000000000000,0x787551ae0ab07de8eb91d1535dbd37f379b0111d
450,0x0000000000000000000000000000000000000000,0x787551ae0ab07de8eb91d1535dbd37f379b0111d
451,0x0000000000000000000000000000000000000000,0x787551ae0ab07de8eb91d1535dbd37f379b0111d
452,0x0000000000000000000000000000000000000000,0x787551ae0ab07de8eb91d1535dbd37f379b0111d
453,0x0000000000000000000000000000000000000000,0x787551ae0ab07de8eb91d1535dbd37f379b0111d
454,0x26918932f2850ab2b5f7447a4e62d63d8c3c1e09,0xd5a9c4a92dde274e126f82b215fccb511147cd8e
455,0x0f2d0b673d9256c13511bc2bfc059ae354cceca6,0x3fca3a0ffd907cdd94e18d2f8d669890ab754d82
456,0x0000000000000000000000000000000000000000,0xd1b595847a0b13fa09ee6356e153fb9396ac4038
457,0x0000000000000000000000000000000000000000,0xd1b595847a0b13fa09ee6356e153fb9396ac4038
458,0x0000000000000000000000000000000000000000,0xfa89ec40699bbfd749c4eb6643dc2b22ff0e2aa6
459,0xd68cd858184ef4c75e72a50710b7efcd3c5f060d,0xece476cac765c6053f5beaa54911db5add050670
460,0x0000000000000000000000000000000000000000,0x5294adcf7bfb8bd2e26c7a4ef738f1bb0d46f89f
461,0x001aba7087f49a135ffb121a40684416824e9c34,0x954cfc3b0cd64c88ea075f676262e5f93e071b9e
462,0x0000000000000000000000000000000000000000,0xf3806ea2c842b43e1435761f18663a1a4def7c54
463,0x0000000000000000000000000000000000000000,0x188c30e9a6527f5f0c3f7fe59b72ac7253c62f28
464,0x0000000000000000000000000000000000000000,0xb341c2e882b075ec65b008bfac92cbed3e3136ad
465,0x0000000000000000000000000000000000000000,0xb341c2e882b075ec65b008bfac92cbed3e3136ad
466,0x803028dd9d3b5fc1b12e48b4f3f4218cc6470146,0xaaa60100d9971504a389fae0c2a0d986f780c56c
467,0xc7e20d6f17a1b51cde03ca326ba0b0ede3462372,0x940dbd89e5e2fa0f0a4ebfddea8e5aaa37d6c96a
468,0x0000000000000000000000000000000000000000,0x59d16389335147e034aa1238ca043cba907f79dd
469,0x0000000000000000000000000000000000000000,0xd816815d7b494751b67f1476259f50d6ae98acd7
470,0xc071823c582c2ecdfe5306f20af4e5bd3c51e25e,0xb457f98d21e84fc94b96e35b09570d1853b64723
471,0x4e7875491ec4764004740d8f579d8159b74e9621,0x0aed1878803e2f86b6ddb83f5523f0a793e973fc
472,0xd07749d1d5555a0943fc3fe6d2d5a2425f8d8026,0xf9aadf79a85dee03bae4f3f6d8c6c27b5c0732a9
473,0x0000000000000000000000000000000000000000,0x8ea616ebc49722bf93a5fe82816b2ff22f451fcc
474,0xb1e079854268985431935ce53aa54c8e1722fa0d,0xb7bbf293d531079534aea9546d479edb420e1410
475,0x0000000000000000000000000000000000000000,0x887b86b6b6957f7bbea88b8cefd392f39236a88c
476,0x0000000000000000000000000000000000000000,0x887b86b6b6957f7bbea88b8cefd392f39236a88c
477,0x0000000000000000000000000000000000000000,0x887b86b6b6957f7bbea88b8cefd392f39236a88c
478,0x0000000000000000000000000000000000000000,0x03c41dd3aedfd7bebc37447dffff990cb7f2cd08
479,0xe5b545c8f1c6a9ecbc53d78b3a2916fcf065bb43,0xed29022beeed0914c57e4065b93a53a5b3538c7d
480,0x0000000000000000000000000000000000000000,0xd62dab3612168e4875787ec05a17ff9a8f2fb6b9
481,0x0000000000000000000000000000000000000000,0xe4610a0bc7e70a1fe0ba711cf2f82fec468d022c
482,0xfef5c1cd156902c3232d203c35d7434c47f55b27,0xaf763e3c9af93a75e93018f93227d34dd5d31d6d
483,0xfe57fdcd9d0df47356ccdebe08f3dc454e472f9b,0x085e98cd14e00f9fc3e9f670e1740f954124e824
484,0x0000000000000000000000000000000000000000,0x7af83a00bc192066be99ecf194ed425f0d3bf0d4
485,0x0000000000000000000000000000000000000000,0xe0dd8c40acc74005c71ce5d02cd5116a2eedb1b0
486,0x0000000000000000000000000000000000000000,0xe0dd8c40acc74005c71ce5d02cd5116a2eedb1b0
487,0x0000000000000000000000000000000000000000,0xe0dd8c40acc74005c71ce5d02cd5116a2eedb1b0
488,0x0000000000000000000000000000000000000000,0x6b207cd91ac894190ee156da46d080040a3af9d0
489,0x0000000000000000000000000000000000000000,0x4dc8a4facf0cb23365f8960d3dfd5c6d5b8b6eca
490,0x0000000000000000000000000000000000000000,0x4dc8a4facf0cb23365f8960d3dfd5c6d5b8b6eca
491,0x0000000000000000000000000000000000000000,0x4dc8a4facf0cb23365f8960d3dfd5c6d5b8b6eca
492,0x9127c9221b22ea3789c90383284c72dcd7d9b9fb,0x85c9faa3cb6eb2a7cd3d06550a09c12572fbe9ae
493,0x58cdce5cc085e78f853374d9f3b779328cd2c82d,0xaa943a824b813538ead5d63c45c0e640c03a137e
494,0xdd33691a173094f2bc6bedb7e7d55896002b31ce,0xd5a9c4a92dde274e126f82b215fccb511147cd8e
495,0x787551ae0ab07de8eb91d1535dbd37f379b0111d,0x2e9d920b98ab9f5b98fc6d4df2bf750a1ef59b8f
496,0x0000000000000000000000000000000000000000,0x682b8452f7c97baecdeaa2bd873df651b7c0d6b1
497,0x0000000000000000000000000000000000000000,0x682b8452f7c97baecdeaa2bd873df651b7c0d6b1
498,0xe77f50bb4734131b9dac49ae9ba243164030d1cf,0x255713f6f557e3a66e2d4ac48888fce70b2457b1
499,0x0000000000000000000000000000000000000000,0xbbc3a7d6258285493851882a7d0b1b1097b8d09a
